-- Inserción de datos en la tabla Cliente
INSERT INTO cliente (nombre, apellido, email, dni, telefono, calle, ciudad, cp)
VALUES
('Josefa', 'Gil', 'JosefaGil@gmail.com', '7336815960', 197191203, 'Azcuenaga', 'La Plata', ''),
('Josefa', 'Diaz', 'JosefaDiaz@gmail.com', '8110634303', 97191203, 'Arenales', 'CABA', ''),
('Raquel', 'Jimenez', 'RaquelJimenez@gmail.com', '9599901037', 72517018, 'Santa Fe', 'CABA', '51263'),
('Laura', 'Gonzalez', 'LauraGonzalez@gmail.com', '9627482943', 9029275488, 'Tucuman', 'Buenos Aires', ''),
('Antonio', 'Alfaro', 'AntonioAlfaro@gmail.com', '271099992', 9005584465, 'Cordoba', 'CABA', ''),
('Angel', 'Marin', 'AngelMarin@gmail.com', '3191640398', 6061136366, 'Arenales', 'Buenos Aires', ''),
('Andrea', 'Lopez', 'AndreaLopez@gmail.com', '5631179008', 8061489263, 'Santa Fe', 'Buenos Aires', '79491'),
('Mercedes', 'Gonzalez', 'MercedesGonzalez@gmail.com', '961432403', 5844663972, 'Viamonte', 'Bariloche', ''),
('Juan', 'Moreno', 'JuanMoreno@gmail.com', '2716762422', 4789228932, 'Corrientes', 'Bariloche', ''),
('Ivan', 'Gonzalez', 'IvanGonzalez@gmail.com', '9987719635', 7343325545, 'Viamonte', 'CABA', '40319'),
('Andrea', 'Diaz', 'AndreaDiaz@gmail.com', '1092692681', 5755296116, 'Av De Mayo', 'CABA', '5020'),
('Jose', 'Moreno', 'JoseMoreno@gmail.com', '3175392148', 8773882349, 'Callao', 'CABA', ''),
('Juan', 'Sanchez', 'JuanSanchez@gmail.com', '3845831162', 5941812238, 'Av De Mayo', 'Rosario', '1191'),
('Andres', 'Ruiz', 'AndresRuiz@gmail.com', '258441720', '2446071177', 'Tucuman', 'Buenos Aires', '6406'),
('Marta', 'Moreno', 'MartaMoreno@gmail.com', '5632524817', '2448988134', 'Azcuenaga', 'CABA', ''),
('Manuel', 'Valero', 'ManuelValero@gmail.com', '8374237384', '9511612537', 'Sarmiento', 'CABA', '4362'),
('Alberto', 'Garcia', 'AlbertoGarcia@gmail.com', '896344339', '6398434987', 'Sarmiento', 'CABA', ''),
('Ivan', 'Sanchez', 'IvanSanchez@gmail.com', '8450677823', '1313851545', 'Callao', 'CABA', ''),
('Alicia', 'Jimenez', 'AliciaJimenez@gmail.com', '1311646876', '9495866998', 'Balboa', 'Mendoza', ''),
('Javier', 'Perez', 'JavierPerez@gmail.com', '7377015527', '4269492535', 'Balboa', 'CABA', ''),
('Lola', 'Valero', 'LolaValero@gmail.com', '3651640663', '5804390264', 'Azcuenaga', 'Mendoza', '6612'),
('Javier', 'Ruiz', 'JavierRuiz@gmail.com', '6629067053', '9527861632', 'Balboa', 'Cordoba', ''),
('Andres', 'Romero', 'AndresRomero@gmail.com', '1351672444', '8255956242', 'Sarmiento', 'CABA', ''),
('Angel', 'Alfaro', 'AngelAlfaro@gmail.com', '9055715948', '7652239038', 'Santa Fe', 'Buenos Aires', ''),
('Lola', 'Gonzalez', 'LolaGonzalez@gmail.com', '3379299561', '4025519752', 'Santa Fe', 'CABA', '68505'),
('Juan', 'Diaz', 'JuanDiaz@gmail.com', '8531482518', '2588774919', 'Arenales', 'CABA', ''),
('Isabel', 'Moreno', 'IsabelMoreno@gmail.com', '5888103586', '8806093968', 'Sarmiento', 'Montevideo', ''),
('Raul', 'Fernando', 'RaulFernando@gmail.com', '8164451339', '9671919631', 'Azcuenaga', 'Montevideo', ''),
('Isabel', 'Navarro', 'IsabelNavarro@gmail.com', '5352031659', '3593964365', 'Cordoba', 'Buenos Aires', '2334'),
('Andres', 'Jimenez', 'AndresJimenez@gmail.com', '5753551173', '8759228447', 'Callao', 'Montevideo', '57820-000'),
('Andres', 'Gil', 'AndresGil@gmail.com', '5432064588', '2835457632', 'Viamonte', 'Rosario', '3016'),
('Angeles', 'Lopez', 'AngelesLopez@gmail.com', '8970654275', '8374374900', 'Arenales', 'Buenos Aires', ''),
('Isabel', 'Navarro', 'IsabelNavarro@gmail.com', '158603753', '9377686348', 'Av De Mayo', 'CABA', ''),
('Alberto', 'Alfaro', 'AlbertoAlfaro@gmail.com', '797154639', '5545294170', 'Corrientes', 'CABA', ''),
('Lola', 'Jimenez', 'LolaJimenez@gmail.com', '137243472', '7453232649', 'Balboa', 'Mendoza', '6612'),
('Juan', 'Alfaro', 'JuanAlfaro@gmail.com', '9808939945', '1238590302', 'Viamonte', 'Buenos Aires', '6330'),
('Andres', 'Diaz', 'AndresDiaz@gmail.com', '6852493911', '1423107925', 'Tucuman', 'La Plata', '51281'),
('Alberto', 'Rubio', 'AlbertoRubio@gmail.com', '9030615958', '9162642579', 'Viamonte', 'CABA', ''),
('Laura', 'Fernando', 'LauraFernando@gmail.com', '7508574486', '8743224074', 'Cordoba', 'Buenos Aires', '3921'),
('Raul', 'Martinez', 'RaulMartinez@gmail.com', '4098997428', '8067866460', 'Viamonte', 'CABA', '7100'),
('Manuel', 'Gonzalez', 'ManuelGonzalez@gmail.com', '9325034980', '6379113069', 'Callao', 'Mendoza', ''),
('Miguel', 'Perez', 'MiguelPerez@gmail.com', '1121051820', '6176358157', 'Tucuman', 'CABA', ''),
('Alberto', 'Moz', 'AlbertoMoz@gmail.com', '6933284018', '6186312521', 'Corrientes', 'CABA', ''),
('Angel', 'Gil', 'AngelGil@gmail.com', '5570314105', '2595418044', 'Cordoba', 'CABA', ''),
('Fernando', 'Diaz', 'FernandoDiaz@gmail.com', '7828669283', '3864842892', 'Santa Fe', 'CABA', ''),
('Angel', 'Navarro', 'AngelNavarro@gmail.com', '3648070037', '6024010370', 'Cordoba', 'Buenos Aires', ''),
('Pilar', 'Martinez', 'PilarMartinez@gmail.com', '3278391268', '9328587378', 'Cordoba', 'CABA', ''),
('Raul', 'Diaz', 'RaulDiaz@gmail.com', '9039169446', '9546324018', 'Callao', 'CABA', '32825'),
('Ivan', 'Gonzalez', 'IvanGonzalez@gmail.com', '9412983786', '1171213386', 'Cordoba', 'Buenos Aires', '666779'),
('Angeles', 'Gonzalez', 'AngelesGonzalez@gmail.com', '6335998742', '3266205536', 'Sarmiento', 'Buenos Aires', '861'),
('Fernando', 'Ruiz', 'FernandoRuiz@gmail.com', '9102447533', '9705591372', 'Sarmiento', 'Cordoba', '7600'),
('Pilar', 'Diaz', 'PilarDiaz@gmail.com', '9359337307', '2727546213', 'Balboa', 'CABA', ''),
('Laura', 'Lopez', 'LauraLopez@gmail.com', '4676761937', '3196198847', 'Cordoba', 'La Plata', '52410'),
('Andrea', 'Gonzalez', 'AndreaGonzalez@gmail.com', '1376938537', '3387151900', 'Sarmiento', 'Montevideo', ''),
('Raul', 'Ruiz', 'RaulRuiz@gmail.com', '4010763787', '3966216606', 'Tucuman', 'Rosario', '55340'),
('Rosa', 'Valero', 'RosaValero@gmail.com', '3922682839', '2518327714', 'Balboa', 'CABA', '2430'),
('Maria', 'Navarro', 'MariaNavarro@gmail.com', '3938204087', '5241823468', 'Balboa', 'CABA', '6843'),
('Raul', 'Perez', 'RaulPerez@gmail.com', '8455116560', '3198659477', 'Corrientes', 'CABA', '253449'),
('Andrea', 'Moreno', 'AndreaMoreno@gmail.com', '9742502455', '5139483481', 'Santa Fe', 'La Plata', ''),
('Angeles', 'Romero', 'AngelesRomero@gmail.com', '2560738074', '8412853885', 'Cordoba', 'La Plata', ''),
('Isabel', 'Moz', 'IsabelMoz@gmail.com', '7890357508', '2833783767', 'Arenales', 'La Plata', ''),
('Andres', 'Marin', 'AndresMarin@gmail.com', '8737896520', '8474317775', 'Sarmiento', 'Mendoza', ''),
('Miguel', 'Alfaro', 'MiguelAlfaro@gmail.com', '3886897060', '6563051791', 'Av De Mayo', 'CABA', '249087'),
('Raquel', 'Gonzalez', 'RaquelGonzalez@gmail.com', '4063029786', '1651651411', 'Viamonte', 'CABA', '96310'),
('Angeles', 'Ruiz', 'AngelesRuiz@gmail.com', '5743587663', '2114100711', 'Viamonte', 'Bariloche', '6824'),
('Isabel', 'Navarro', 'IsabelNavarro@gmail.com', '2113563118', '6665263303', 'Cordoba', 'CABA', ''),
('Laura', 'Garcia', 'LauraGarcia@gmail.com', '1444553461', '5763067869', 'Av De Mayo', 'Bariloche', ''),
('Miguel', 'Garcia', 'MiguelGarcia@gmail.com', '9191363780', '9043637282', 'Cordoba', 'Buenos Aires', '27309'),
('Ivan', 'Perez', 'IvanPerez@gmail.com', '7552116307', '5956875105', 'Balboa', 'Buenos Aires', '37800'),
('Maria', 'Valero', 'MariaValero@gmail.com', '9018693049', '1207019083', 'Viamonte', 'CABA', '2200'),
('Ivan', 'Rubio', 'IvanRubio@gmail.com', '7667542333', '7663345414', 'Av De Mayo', 'Montevideo', ''),
('Angel', 'Ruiz', 'AngelRuiz@gmail.com', '5812982767', '2436434404', 'Arenales', 'CABA', '93144'),
('Mercedes', 'Romero', 'MercedesRomero@gmail.com', '19969325', '4157660203', 'Azcuenaga', 'CABA', ''),
('Josefa', 'Navarro', 'JosefaNavarro@gmail.com', '4345325552', '1835543285', 'Sarmiento', 'CABA', ''),
('Angeles', 'Navarro', 'AngelesNavarro@gmail.com', '2820735622', '2874038374', 'Tucuman', 'CABA', ''),
('Manuel', 'Marin', 'ManuelMarin@gmail.com', '7104273476', '6178359910', 'Arenales', 'Buenos Aires', ''),
('Jose', 'Muñoz', 'JoseMuñoz@gmail.com', '8723853395', '3883992052', 'Cordoba', 'CABA', '27576'),
('Carmen', 'Martinez', 'CarmenMartinez@gmail.com', '4985018082', '5829591853', 'Balboa', 'CABA', ''),
('Isabel', 'Martinez', 'IsabelMartinez@gmail.com', '1828013676', '1701644121', 'Corrientes', 'CABA', '9610'),
('Pilar', 'Navarro', 'PilarNavarro@gmail.com', '9602673362', '7726457774', 'Viamonte', 'Montevideo', '3245'),
('Josefa', 'Ruiz', 'JosefaRuiz@gmail.com', '9836085122', '4246332272', 'Balboa', 'Montevideo', ''),
('Carmen', 'Lopez', 'CarmenLopez@gmail.com', '790291258', '7944104176', 'Santa Fe', 'CABA', ''),
('Miguel', 'Sanchez', 'MiguelSanchez@gmail.com', '616172087', '1579138468', 'Sarmiento', 'CABA', ''),
('Ivan', 'Jimenez', 'IvanJimenez@gmail.com', '9804195135', '5425578684', 'Viamonte', 'CABA', ''),
('Dolores', 'Marin', 'DoloresMarin@gmail.com', '6011062539', '1352440759', 'Balboa', 'CABA', '9508'),
('Laura', 'Ruiz', 'LauraRuiz@gmail.com', '7051915584', '5718815934', 'Azcuenaga', 'CABA', ''),
('Carmen', 'Perez', 'CarmenPerez@gmail.com', '6624447257', '7079609926', 'Azcuenaga', 'CABA', '234'),
('Angel', 'Fernando', 'AngelFernando@gmail.com', '547086695', '6557791859', 'Tucuman', 'CABA', ''),
('Fernando', 'Gil', 'FernandoGil@gmail.com', '2378858671', '1907512058', 'Callao', 'Cordoba', ''),
('Laura', 'Moreno', 'LauraMoreno@gmail.com', '3879716420', '3513564707', 'Cordoba', 'CABA', '169'),
('Andrea', 'Gonzalez', 'AndreaGonzalez@gmail.com', '3658907118', '5506772028', 'Av De Mayo', 'CABA', ''),
('Alicia', 'Fernando', 'AliciaFernando@gmail.com', '6683078777', '6857205713', 'Tucuman', 'Bariloche', ''),
('Carmen', 'Jimenez', 'CarmenJimenez@gmail.com', '1358599750', '1632561451', 'Corrientes', 'La Plata', ''),
('Miguel', 'Diaz', 'MiguelDiaz@gmail.com', '2010193989', '8443558308', 'Tucuman', 'CABA', ''),
('Josefa', 'Martinez', 'JosefaMartinez@gmail.com', '3776511281', '4442640974', 'Azcuenaga', 'Buenos Aires', '91'),
('Carmen', 'Gonzalez', 'CarmenGonzalez@gmail.com', '7286738925', '9348840391', 'Tucuman', 'CABA', '1101'),
('Maria', 'Diaz', 'MariaDiaz@gmail.com', '3627238435', '1144616074', 'Azcuenaga', 'Buenos Aires', '793'),
('Mercedes', 'Rubio', 'MercedesRubio@gmail.com', '6189190707', '5201475382', 'Balboa', 'CABA', '5903'),
('Camila', 'Diaz', 'CamilaDiaz@gmail.com', '7105822546', '4231017314', 'Viamonte', 'CABA', ''),
('Raquel', 'Ruiz', 'RaquelRuiz@gmail.com', '8023675532', '4593217652', 'Av De Mayo', 'Montevideo', '239');

SELECT * FROM cliente;

-- Inserción de datos en la tabla Tallas
INSERT INTO tallas (letra_talla, num_talla) VALUES
('XS', 0),
('S', 1),
('M', 2),
('L', 3),
('XL', 4),
('XXL', 5),
('XXXL', 6);

SELECT * FROM tallas;

-- Inserción de datos en la tabla Color
INSERT INTO color (nombre) VALUES
('Blanco'),
('Negro'),
('Azul marino'),
('Amarillo'),
('Rosa'),
('Verde'),
('Azul Francia'),
('Rojo'),
('Vinotinto'),
('Gris'),
('Verde Militar'),
('Celeste');

Select * from color;

-- Inserción de datos en la tabla Categoria
INSERT INTO categoria (nombre) VALUES
('Remera'),
('Buzo'),
('Taza'),
('Mousepad');

Select * from categoria;

-- Inserción de datos tabla Articulo
INSERT INTO Articulo (nombre, precio, id_categoria, id_talla, id_color) VALUES
('Remera Spun Unisex', 10000, 1, 1, 1),
('Remera Spun Unisex', 10000, 1, 2, 1),
('Remera Spun Unisex', 10000, 1, 3, 1),
('Remera Spun Unisex', 10000, 1, 4, 1),
('Remera Spun Unisex', 10000, 1, 5, 1),
('Remera Spun Unisex', 10000, 1, 6, 1),
('Remera Spun Unisex', 10000, 1, 7, 1),
('Remera Spun Unisex', 10000, 1, 1, 4),
('Remera Spun Unisex', 10000, 1, 2, 4),
('Remera Spun Unisex', 10000, 1, 3, 4),
('Remera Spun Unisex', 10000, 1, 4, 4),
('Remera Spun Unisex', 10000, 1, 5, 4),
('Remera Spun Unisex', 10000, 1, 6, 4),
('Remera Spun Unisex', 10000, 1, 7, 4),
('Remera Spun Unisex', 10000, 1, 1, 5),
('Remera Spun Unisex', 10000, 1, 2, 5),
('Remera Spun Unisex', 10000, 1, 3, 5),
('Remera Spun Unisex', 10000, 1, 4, 5),
('Remera Spun Unisex', 10000, 1, 5, 5),
('Remera Spun Unisex', 10000, 1, 6, 5),
('Remera Spun Unisex', 10000, 1, 7, 5),
('Remera Spun Unisex', 10000, 1, 1, 10),
('Remera Spun Unisex', 10000, 1, 2, 10),
('Remera Spun Unisex', 10000, 1, 3, 10),
('Remera Spun Unisex', 10000, 1, 4, 10),
('Remera Spun Unisex', 10000, 1, 5, 10),
('Remera Spun Unisex', 10000, 1, 6, 10),
('Remera Spun Unisex', 10000, 1, 7, 10),
('Remera Spun Unisex', 10000, 1, 1, 12),
('Remera Spun Unisex', 10000, 1, 2, 12),
('Remera Spun Unisex', 10000, 1, 3, 12),
('Remera Spun Unisex', 10000, 1, 4, 12),
('Remera Spun Unisex', 10000, 1, 5, 12),
('Remera Spun Unisex', 10000, 1, 6, 12),
('Remera Spun Unisex', 10000, 1, 7, 12),
('Remera Algodon Unisex', 15000, 1, 1, 1),
('Remera Algodon Unisex', 15000, 1, 2, 1),
('Remera Algodon Unisex', 15000, 1, 3, 1),
('Remera Algodon Unisex', 15000, 1, 4, 1),
('Remera Algodon Unisex', 15000, 1, 5, 1),
('Remera Algodon Unisex', 15000, 1, 6, 1),
('Remera Algodon Unisex', 15000, 1, 7, 1),
('Remera Algodon Unisex', 15000, 1, 1, 2),
('Remera Algodon Unisex', 15000, 1, 2, 2),
('Remera Algodon Unisex', 15000, 1, 3, 2),
('Remera Algodon Unisex', 15000, 1, 4, 2),
('Remera Algodon Unisex', 15000, 1, 5, 2),
('Remera Algodon Unisex', 15000, 1, 6, 2),
('Remera Algodon Unisex', 15000, 1, 7, 2),
('Remera Algodon Unisex', 15000, 1, 1, 3),
('Remera Algodon Unisex', 15000, 1, 2, 3),
('Remera Algodon Unisex', 15000, 1, 3, 3),
('Remera Algodon Unisex', 15000, 1, 4, 3),
('Remera Algodon Unisex', 15000, 1, 5, 3),
('Remera Algodon Unisex', 15000, 1, 6, 3),
('Remera Algodon Unisex', 15000, 1, 7, 3),
('Remera Algodon Unisex', 15000, 1, 1, 8),
('Remera Algodon Unisex', 15000, 1, 2, 8),
('Remera Algodon Unisex', 15000, 1, 3, 8),
('Remera Algodon Unisex', 15000, 1, 4, 8),
('Remera Algodon Unisex', 15000, 1, 5, 8),
('Remera Algodon Unisex', 15000, 1, 6, 8),
('Remera Algodon Unisex', 15000, 1, 7, 8),
('Remera Algodon Unisex', 15000, 1, 1, 10),
('Remera Algodon Unisex', 15000, 1, 2, 10),
('Remera Algodon Unisex', 15000, 1, 3, 10),
('Remera Algodon Unisex', 15000, 1, 4, 10),
('Remera Algodon Unisex', 15000, 1, 5, 10),
('Remera Algodon Unisex', 15000, 1, 6, 10),
('Remera Algodon Unisex', 15000, 1, 7, 10),
('Remera Algodon Unisex', 15000, 1, 1, 11),
('Remera Algodon Unisex', 15000, 1, 2, 11),
('Remera Algodon Unisex', 15000, 1, 3, 11),
('Remera Algodon Unisex', 15000, 1, 4, 11),
('Remera Algodon Unisex', 15000, 1, 5, 11),
('Remera Algodon Unisex', 15000, 1, 6, 11),
('Remera Algodon Unisex', 15000, 1, 7, 11),
('Buzo Canguro', 20000, 2, 2, 1),
('Buzo Canguro', 20000, 2, 3, 1),
('Buzo Canguro', 20000, 2, 4, 1),
('Buzo Canguro', 20000, 2, 5, 1),
('Buzo Canguro', 20000, 2, 6, 1),
('Buzo Canguro', 20000, 2, 2, 2),
('Buzo Canguro', 20000, 2, 3, 2),
('Buzo Canguro', 20000, 2, 4, 2),
('Buzo Canguro', 20000, 2, 5, 2),
('Buzo Canguro', 20000, 2, 6, 2),
('Buzo Canguro', 20000, 2, 2, 5),
('Buzo Canguro', 20000, 2, 3, 5),
('Buzo Canguro', 20000, 2, 4, 5),
('Buzo Canguro', 20000, 2, 5, 5),
('Buzo Canguro', 20000, 2, 6, 5),
('Buzo Canguro', 20000, 2, 2, 7),
('Buzo Canguro', 20000, 2, 3, 7),
('Buzo Canguro', 20000, 2, 4, 7),
('Buzo Canguro', 20000, 2, 5, 7),
('Buzo Canguro', 20000, 2, 6, 7),
('Buzo Canguro', 20000, 2, 2, 9),
('Buzo Canguro', 20000, 2, 3, 9),
('Buzo Canguro', 20000, 2, 4, 9),
('Buzo Canguro', 20000, 2, 5, 9),
('Buzo Canguro', 20000, 2, 6, 9),
('Buzo Cuello Redondo', 20000, 2, 2, 1),
('Buzo Cuello Redondo', 20000, 2, 3, 1),
('Buzo Cuello Redondo', 20000, 2, 4, 1),
('Buzo Cuello Redondo', 20000, 2, 5, 1),
('Buzo Cuello Redondo', 20000, 2, 6, 1),
('Buzo Cuello Redondo', 20000, 2, 2, 2),
('Buzo Cuello Redondo', 20000, 2, 3, 2),
('Buzo Cuello Redondo', 20000, 2, 4, 2),
('Buzo Cuello Redondo', 20000, 2, 5, 2),
('Buzo Cuello Redondo', 20000, 2, 6, 2),
('Buzo Cuello Redondo', 20000, 2, 2, 5),
('Buzo Cuello Redondo', 20000, 2, 3, 5),
('Buzo Cuello Redondo', 20000, 2, 4, 5),
('Buzo Cuello Redondo', 20000, 2, 5, 5),
('Buzo Cuello Redondo', 20000, 2, 6, 5),
('Buzo Cuello Redondo', 20000, 2, 2, 7),
('Buzo Cuello Redondo', 20000, 2, 3, 7),
('Buzo Cuello Redondo', 20000, 2, 4, 7),
('Buzo Cuello Redondo', 20000, 2, 5, 7),
('Buzo Cuello Redondo', 20000, 2, 6, 7),
('Buzo Cuello Redondo', 20000, 2, 2, 9),
('Buzo Cuello Redondo', 20000, 2, 3, 9),
('Buzo Cuello Redondo', 20000, 2, 4, 9),
('Buzo Cuello Redondo', 20000, 2, 5, 9),
('Buzo Cuello Redondo', 20000, 2, 6, 9),
('Taza Ceramica', 8000, 3, NULL, 1),
('Taza Ceramica Magica', 9500, 3, NULL, 2),
('Taza Ceramica Magica', 9500, 3, NULL, 6),
('Taza Ceramica Magica', 9500, 3, NULL, 8),
('Taza Plastica', 6000, 3, NULL, 1),
('Taza Plastica', 6000, 3, NULL, 5),
('Taza Plastica', 6000, 3, NULL, 12),
('Mousepad Cuadrado', 6500, 4, NULL, 1),
('Mousepad Cuadrado', 6500, 4, NULL, 10),
('Mousepad Redondo', 6500, 4, NULL, 1),
('Mousepad Redondo', 6500, 4, NULL, 10);

Select * From articulo;

INSERT INTO inventario (id_articulo, id_categoria, cantidad_disponible) VALUES
(1, 1, 4),
(2, 1, 8),
(3, 1, 10),
(4, 1, 12),
(5, 1, 6),
(6, 1, 4),
(7, 1, 2),
(8, 1, 4),
(9, 1, 8),
(10, 1, 10),
(11, 1, 12),
(12, 1, 6),
(13, 1, 4),
(14, 1, 2),
(15, 1, 4),
(16, 1, 8),
(17, 1, 10),
(18, 1, 12),
(19, 1, 6),
(20, 1, 4),
(21, 1, 2),
(22, 1, 4),
(23, 1, 8),
(24, 1, 10),
(25, 1, 12),
(26, 1, 6),
(27, 1, 4),
(28, 1, 2),
(29, 1, 4),
(30, 1, 8),
(31, 1, 10),
(32, 1, 12),
(33, 1, 6),
(34, 1, 4),
(35, 1, 2),
(36, 1, 4),
(37, 1, 8),
(38, 1, 10),
(39, 1, 12),
(40, 1, 6),
(41, 1, 4),
(42, 1, 2),
(43, 1, 4),
(44, 1, 8),
(45, 1, 10),
(46, 1, 12),
(47, 1, 6),
(48, 1, 4),
(49, 1, 2),
(50, 1, 4),
(51, 1, 8),
(52, 1, 10),
(53, 1, 12),
(54, 1, 6),
(55, 1, 4),
(56, 1, 2),
(57, 1, 4),
(58, 1, 8),
(59, 1, 10),
(60, 1, 12),
(61, 1, 6),
(62, 1, 4),
(63, 1, 2),
(64, 1, 4),
(65, 1, 8),
(66, 1, 10),
(67, 1, 12),
(68, 1, 6),
(69, 1, 4),
(70, 1, 2),
(71, 1, 4),
(72, 1, 8),
(73, 1, 10),
(74, 1, 12),
(75, 1, 6),
(76, 1, 4),
(77, 1, 2),
(78, 2, 4),
(79, 2, 8),
(80, 2, 10),
(81, 2, 12),
(82, 2, 6),
(83, 2, 4),
(84, 2, 2),
(85, 2, 4),
(86, 2, 8),
(87, 2, 10),
(88, 2, 12),
(89, 2, 6),
(90, 2, 4),
(91, 2, 2),
(92, 2, 4),
(93, 2, 8),
(94, 2, 10),
(95, 2, 12),
(96, 2, 6),
(97, 2, 4),
(98, 2, 2),
(99, 2, 4),
(100, 2, 8),
(101, 2, 10),
(102, 2, 12),
(103, 2, 6),
(104, 2, 4),
(105, 2, 2),
(106, 2, 4),
(107, 2, 8),
(108, 2, 10),
(109, 2, 12),
(110, 2, 6),
(111, 2, 4),
(112, 2, 2),
(113, 2, 4),
(114, 2, 8),
(115, 2, 10),
(116, 2, 12),
(117, 2, 6),
(118, 2, 4),
(119, 2, 2),
(120, 2, 4),
(121, 2, 8),
(122, 2, 10),
(123, 2, 12),
(124, 2, 6),
(125, 2, 4),
(126, 2, 2),
(127, 2, 4),
(128, 3, 8),
(129, 3, 10),
(130, 3, 12),
(131, 3, 6),
(132, 3, 4),
(133, 3, 2),
(134, 3, 4),
(135, 4, 8),
(136, 4, 10),
(137, 4, 12),
(138, 4, 6);

Select * From inventario;

INSERT INTO pedido (id_cliente, fecha_pedido, estado_pedido) VALUES
(1, '2023-01-27', 'Entregado'),
(2, '2023-02-03', 'Entregado'),
(3, '2023-02-10', 'Entregado'),
(4, '2023-03-21', 'Entregado'),
(5, '2023-03-28', 'Entregado'),
(6, '2023-04-05', 'Entregado'),
(7, '2023-04-12', 'Entregado'),
(8, '2023-04-27', 'Entregado'),
(9, '2023-05-16', 'Entregado'),
(10, '2023-05-23', 'Entregado'),
(11, '2023-06-01', 'Entregado'),
(12, '2023-06-05', 'Entregado'),
(13, '2023-06-12', 'Entregado'),
(14, '2023-07-02', 'Entregado'),
(15, '2023-07-19', 'Entregado'),
(16, '2023-07-26', 'Entregado'),
(17, '2023-08-05', 'Entregado'),
(18, '2023-08-19', 'Entregado'),
(19, '2023-08-26', 'Entregado'),
(20, '2023-09-06', 'Entregado'),
(21, '2023-09-23', 'Entregado'),
(22, '2023-10-13', 'Entregado'),
(23, '2023-10-20', 'Entregado'),
(24, '2023-11-12', 'Entregado'),
(25, '2023-11-26', 'listo'),
(26, '2023-11-29', 'enviada'),
(27, '2023-12-01', 'enviada'),
(28, '2023-12-06', 'En preparacion'),
(29, '2023-12-10', 'En preparacion'),
(30, '2023-12-12', 'En preparacion');

Select * From pedido;

INSERT INTO pedido (id_cliente, fecha_pedido, estado_pedido) VALUES
(1, '2023-12-18', 'listo'),
(8, '2023-12-24', 'enviada'),
(16, '2024-01-10', 'enviada'),
(15, '2024-01-21', 'En preparacion'),
(11, '2024-01-25', 'En preparacion'),
(30, '2024-01-30', 'En preparacion'),
(18, '2024-02-01', 'En preparacion'),
(11, '2024-02-01', 'En preparacion'),
(1, '2024-02-02', 'En preparacion'),
(2, '2024-02-02', 'En preparacion');

Select * From pedido;

INSERT INTO detalle_pedido (id_pedido, id_articulo, cantidad_articulo) VALUES
(1, 1, 1),
(2, 7, 2),
(3, 13, 1),
(4, 11, 4),
(5, 10, 1),
(6, 2, 3),
(7, 4, 5),
(8, 6, 1),
(9, 4, 1),
(10, 4, 1),
(11, 12, 2),
(12, 5, 4),
(13, 13, 3),
(14, 2, 5),
(15, 2, 5),
(16, 3, 3),
(17, 4, 2),
(18, 15, 1),
(19, 8, 5),
(20, 128, 2),
(21, 4, 6),
(22, 6, 1),
(23, 128, 1),
(24, 1, 2),
(25, 4, 1),
(26, 12, 2),
(27, 12, 4),
(28, 10, 5),
(29, 4, 1),
(30, 130, 2),
(31, 128, 40),
(32, 128, 10),
(32, 129, 10),
(33, 131, 2),
(34, 132, 1),
(35, 133, 5),
(36, 134, 2),
(37, 135, 6),
(38, 136, 2),
(39, 137, 4),
(40, 138, 3);

Select * From detalle_pedido;

INSERT INTO envio (id_cliente, id_pedido, e_calle, e_ciudad, e_provincia, e_cp, fecha_envio) VALUES
(1, 1, 'Callao', 'Caba', 'Buenos Aires', '1234', '2023-02-02'),
(2, 2, 'Santa Fe', 'Caba', 'Buenos Aires', '1567', '2023-02-08'),
(3, 3, 'Av De Mayo', 'Caba', 'Buenos Aires', '1891', '2023-02-16'),
(4, 4, 'Corrientes', 'Caba', 'Buenos Aires', '2221', '2023-03-24'),
(5, 5, 'Cordoba', 'Caba', 'Buenos Aires', '1234', '2023-03-30'),
(6, 6, 'Azcuenaga', 'Caba', 'Buenos Aires', '1567', '2023-04-08'),
(7, 7, 'Viamonte', 'Caba', 'Buenos Aires', '1891', '2023-04-15'),
(8, 8, 'Arenales', 'Caba', 'Buenos Aires', '1221', '2023-04-30'),
(9, 9, 'Balboa', 'Caba', 'Buenos Aires', '1234', '2023-05-20'),
(10, 10, 'Tucuman', 'Caba', 'Buenos Aires', '1567', '2023-05-24'),
(11, 11, 'Sarmiento', 'Caba', 'Buenos Aires', '1891', '2023-06-03'),
(12, 12, 'Callao', 'Caba', 'Buenos Aires', '1234', '2023-06-07'),
(13, 13, 'Santa Fe', 'Caba', 'Buenos Aires', '1567', '2023-06-15'),
(14, 14, 'Av De Mayo', 'Caba', 'Buenos Aires', '1891', '2023-07-06'),
(15, 15, 'Corrientes', 'Caba', 'Buenos Aires', '2221', '2023-07-22'),
(16, 16, 'Cordoba', 'Caba', 'Buenos Aires', '1234', '2023-07-28'),
(17, 17, 'Azcuenaga', 'Caba', 'Buenos Aires', '1567', '2023-08-06'),
(18, 18, 'Viamonte', 'Caba', 'Buenos Aires', '1891', '2023-08-23'),
(19, 19, 'Arenales', 'Caba', 'Buenos Aires', '1221', '2023-08-28'),
(20, 20, 'Balboa', 'Caba', 'Buenos Aires', '1234', '2023-09-25'),
(21, 21, 'Tucuman', 'Caba', 'Buenos Aires', '1567', '2023-09-08'),
(22, 22, 'Sarmiento', 'Caba', 'Buenos Aires', '1891', '2023-10-17'),
(23, 23, 'Tucuman', 'Caba', 'Buenos Aires', '1567', '2023-10-21'),
(24, 24, 'Sarmiento', 'Caba', 'Buenos Aires', '1891', '2023-11-16'),
(25, 25, 'Av De Mayo', 'Caba', 'Buenos Aires', '1891', NULL),
(26, 26, 'Corrientes', 'Caba', 'Buenos Aires', '2221', '2023-12-01'),
(27, 27, 'Cordoba', 'Caba', 'Buenos Aires', '1234', '2023-12-05'),
(28, 28, 'Azcuenaga', 'Caba', 'Buenos Aires', '1567', NULL),
(29, 29, 'Viamonte', 'Caba', 'Buenos Aires', '1891', NULL),
(30, 30, 'Arenales', 'Caba', 'Buenos Aires', '1221', NULL),
(1, 31, 'Callao', 'Caba', 'Buenos Aires', '1234', NULL),
(1, 31, 'Sarmiento', 'Tucuman', 'Tucuman', '2222', NULL),
(1, 31, 'Cordoba', 'Cordoba', 'Cordoba', '3333', NULL),
(1, 31, 'Santa Fe', 'Rosario', 'Santa Fe', '4444', NULL),
(8, 32, 'Arenales', 'Caba', 'Buenos Aires', '1221', '2023-12-24'),
(8, 32, 'Sarmiento', 'Caba', 'Buenos Aires', '1891', '2023-12-24'),
(16, 33, 'Cordoba', 'Caba', 'Buenos Aires', '1234', '2024-02-04'),
(15, 34, 'Corrientes', 'Caba', 'Buenos Aires', '2221', NULL),
(11, 35, 'Sarmiento', 'Caba', 'Buenos Aires', '1891', NULL),
(30, 36, 'Arenales', 'Caba', 'Buenos Aires', '1221', NULL),
(18, 37, 'Viamonte', 'Caba', 'Buenos Aires', '1891', NULL),
(11, 38, 'Sarmiento', 'Caba', 'Buenos Aires', '1891', NULL),
(1, 39, 'Callao', 'Caba', 'Buenos Aires', '1234', NULL),
(2, 40, 'Santa Fe', 'Caba', 'Buenos Aires', '1567', NULL);

Select * From envio;

INSERT INTO preguntas (tipo_pregunta, fecha, nombre) VALUES
('Cuál es su política de devoluciones', '2023-07-11', 'Marta'),
('Cuáles son las opciones de envío', '2023-07-11', 'Miguel'),
('Cuáles son las opciones de envío', '2023-07-11', 'Rosa'),
('Cómo puedo realizar un pago', '2023-07-12', 'Juan'),
('Ofrecen descuentos al mayor', '2023-07-12', 'Rosa'),
('Cuál es su política de devoluciones', '2023-07-13', 'Maria'),
('Cuáles son las opciones de envío', '2023-07-13', 'Raquel'),
('Cuáles son las opciones de envío', '2023-07-14', 'Angel'),
('Ofrecen descuentos al mayor', '2023-07-19', 'Josefa'),
('Cuál es su política de devoluciones', '2023-07-20', 'Andres'),
('Cuáles son las opciones de envío', '2023-07-21', 'Josefa'),
('Ofrecen descuentos al mayor', '2023-07-22', 'Rosa'),
('Cuáles son las opciones de envío', '2023-07-22', 'Miguel'),
('Cuáles son las opciones de envío', '2023-07-23', 'Isabel'),
('Cuáles son las opciones de envío', '2023-07-24', 'Raul'),
('Cuáles son las opciones de envío', '2023-07-25', 'Pilar'),
('Cuál es su política de devoluciones', '2023-07-25', 'Raul'),
('Ofrecen descuentos al mayor', '2023-07-26', 'Raquel'),
('Cuáles son las opciones de envío', '2023-07-26', 'Pilar'),
('Cuál es su política de devoluciones', '2023-07-26', 'Fernando'),
('Cuál es su política de devoluciones', '2023-07-29', 'Fernando'),
('Cuál es su política de devoluciones', '2023-07-29', 'Raul'),
('Cuál es su política de devoluciones', '2023-07-30', 'Juan'),
('Cuál es su política de devoluciones', '2023-07-31', 'Pilar'),
('Cómo puedo realizar un pago', '2023-08-01', 'Miguel'),
('Cuáles son las opciones de envío', '2023-08-03', 'Fernando'),
('Cuál es su política de devoluciones', '2023-08-03', 'Isabel'),
('Cómo puedo realizar un pago', '2023-08-04', 'Miguel'),
('Cuál es su política de devoluciones', '2023-08-04', 'Isabel'),
('Cómo puedo realizar un pago', '2023-08-05', 'Maria'),
('Cuál es su política de devoluciones', '2023-08-07', 'Fernando'),
('Qué producto sería el mejor para mí', '2023-08-10', 'Raquel'),
('Cuál es su política de devoluciones', '2023-08-10', 'Fernando'),
('Cuál es su política de devoluciones', '2023-08-11', 'Josefa'),
('Qué producto sería el mejor para mí', '2023-08-13', 'Miguel'),
('Cómo puedo realizar un pago', '2023-08-15', 'Camila'),
('Ofrecen descuentos al mayor', '2023-08-17', 'Camila'),
('Cuál es su política de devoluciones', '2023-08-18', 'Angel'),
('Cuáles son las opciones de envío', '2023-08-18', 'Fernando'),
('Cuáles son las opciones de envío', '2023-08-19', 'Maria'),
('Ofrecen descuentos al mayor', '2023-08-20', 'Angel'),
('Qué producto sería el mejor para mí', '2023-08-22', 'Rosa'),
('Cuál es su política de devoluciones', '2023-08-22', 'Lola'),
('Cuáles son las opciones de envío', '2023-08-22', 'Miguel'),
('Cuáles son las opciones de envío', '2023-08-23', 'Mercedes'),
('Cuál es su política de devoluciones', '2023-08-23', 'Rosa'),
('Ofrecen descuentos al mayor', '2023-08-24', 'Marta'),
('Cómo puedo realizar un pago', '2023-08-24', 'Josefa'),
('Cuáles son las opciones de envío', '2023-08-25', 'Dolores'),
('Ofrecen descuentos al mayor', '2023-08-25', 'Isabel'),
('Cuáles son las opciones de envío', '2023-08-26', 'Pilar'),
('Cuál es su política de devoluciones', '2023-08-29', 'Angeles'),
('Cuál es su política de devoluciones', '2023-08-29', 'Fernando'),
('Cuáles son las opciones de envío', '2023-08-30', 'Isabel'),
('Cuáles son las opciones de envío', '2023-08-30', 'Fernando'),
('Cuáles son las opciones de envío', '2023-08-30', 'Raul'),
('Ofrecen descuentos al mayor', '2023-09-02', 'Laura'),
('Cuáles son las opciones de envío', '2023-09-02', 'Raul'),
('Cuál es su política de devoluciones', '2023-09-04', 'Josefa'),
('Cuál es su política de devoluciones', '2023-09-06', 'Angel'),
('Cuáles son las opciones de envío', '2023-09-06', 'Andres'),
('Cuál es su política de devoluciones', '2023-09-07', 'Angel'),
('Ofrecen descuentos al mayor', '2023-09-07', 'Angel'),
('Cómo puedo realizar un pago', '2023-09-08', 'Rosa'),
('Cuáles son las opciones de envío', '2023-09-08', 'Lola'),
('Ofrecen descuentos al mayor', '2023-09-10', 'Lola'),
('Cuáles son las opciones de envío', '2023-09-12', 'Miguel'),
('Cómo puedo realizar un pago', '2023-09-13', 'Josefa'),
('Cuáles son las opciones de envío', '2023-09-13', 'Raquel'),
('Cuál es su política de devoluciones', '2023-09-13', 'Fernando'),
('Cuáles son las opciones de envío', '2023-09-14', 'Raul'),
('Cuáles son las opciones de envío', '2023-09-14', 'Ivan'),
('Cuál es su política de devoluciones', '2023-09-14', 'Fernando'),
('Cuáles son las opciones de envío', '2023-09-15', 'Angel'),
('Cuáles son las opciones de envío', '2023-09-16', 'Juan'),
('Cómo puedo realizar un pago', '2023-09-16', 'Miguel'),
('Ofrecen descuentos al mayor', '2023-09-18', 'Antonio'),
('Cómo puedo realizar un pago', '2023-09-18', 'Dolores'),
('Ofrecen descuentos al mayor', '2023-09-18', 'Raquel'),
('Cómo puedo realizar un pago', '2023-09-19', 'Angeles'),
('Cómo puedo realizar un pago', '2023-09-20', 'Ivan'),
('Cuál es su política de devoluciones', '2023-09-20', 'Angel'),
('Qué producto sería el mejor para mí', '2023-09-21', 'Pilar'),
('Cuáles son las opciones de envío', '2023-09-21', 'Manuel'),
('Cómo puedo realizar un pago', '2023-09-23', 'Angel'),
('Cómo puedo realizar un pago', '2023-09-24', 'Andres'),
('Cuál es su política de devoluciones', '2023-09-25', 'Fernando'),
('Cuáles son las opciones de envío', '2023-09-25', 'Lola'),
('Cuáles son las opciones de envío', '2023-09-26', 'Miguel'),
('Cuáles son las opciones de envío', '2023-09-27', 'Carmen'),
('Cuáles son las opciones de envío', '2023-09-27', 'Manuel'),
('Cuál es su política de devoluciones', '2023-09-27', 'Lola'),
('Cuáles son las opciones de envío', '2023-09-28', 'Angel'),
('Cuál es su política de devoluciones', '2023-09-28', 'Juan'),
('Cuál es su política de devoluciones', '2023-09-28', 'Fernando'),
('Cuáles son las opciones de envío', '2023-09-29', 'Angel'),
('Qué producto sería el mejor para mí', '2023-09-30', 'Manuel'),
('Cómo puedo realizar un pago', '2023-09-30', 'Camila'),
('Ofrecen descuentos al mayor', '2023-09-30', 'Miguel'),
('Cómo puedo realizar un pago', '2023-10-01', 'Isabel'),
('Cómo puedo realizar un pago', '2023-10-05', 'Angeles'),
('Qué producto sería el mejor para mí', '2023-10-05', 'Maria'),
('Cuáles son las opciones de envío', '2023-10-05', 'Raquel'),
('Cómo puedo realizar un pago', '2023-10-07', 'Ivan'),
('Cuáles son las opciones de envío', '2023-10-08', 'Antonio'),
('Cuáles son las opciones de envío', '2023-10-09', 'Pilar'),
('Cuál es su política de devoluciones', '2023-10-10', 'Camila'),
('Cuáles son las opciones de envío', '2023-10-10', 'Raul'),
('Ofrecen descuentos al mayor', '2023-10-10', 'Laura'),
('Cuál es su política de devoluciones', '2023-10-12', 'Marta'),
('Cuáles son las opciones de envío', '2023-10-12', 'Andres'),
('Cuál es su política de devoluciones', '2023-10-14', 'Fernando'),
('Ofrecen descuentos al mayor', '2023-10-15', 'Alicia'),
('Ofrecen descuentos al mayor', '2023-10-15', 'Antonio'),
('Cómo puedo realizar un pago', '2023-10-17', 'Lola'),
('Cuáles son las opciones de envío', '2023-10-17', 'Maria'),
('Cuál es su política de devoluciones', '2023-10-18', 'Raquel'),
('Ofrecen descuentos al mayor', '2023-10-19', 'Andrea'),
('Ofrecen descuentos al mayor', '2023-10-19', 'Fernando'),
('Cuáles son las opciones de envío', '2023-10-20', 'Pilar'),
('Cuál es su política de devoluciones', '2023-10-20', 'Lola'),
('Cómo puedo realizar un pago', '2023-10-20', 'Angel'),
('Qué producto sería el mejor para mí', '2023-10-21', 'Isabel'),
('Qué producto sería el mejor para mí', '2023-10-22', 'Ivan'),
('Cuál es su política de devoluciones', '2023-10-23', 'Lola'),
('Cuál es su política de devoluciones', '2023-10-24', 'Ivan'),
('Cómo puedo realizar un pago', '2023-10-25', 'Lola'),
('Ofrecen descuentos al mayor', '2023-10-26', 'Lola'),
('Cuáles son las opciones de envío', '2023-10-26', 'Ivan'),
('Cómo puedo realizar un pago', '2023-10-26', 'Manuel'),
('Ofrecen descuentos al mayor', '2023-10-27', 'Josefa'),
('Ofrecen descuentos al mayor', '2023-10-27', 'Laura'),
('Cuál es su política de devoluciones', '2023-10-27', 'Raquel'),
('Cuáles son las opciones de envío', '2023-10-28', 'Pilar'),
('Cuáles son las opciones de envío', '2023-10-31', 'Raul'),
('Qué producto sería el mejor para mí', '2023-11-01', 'Andres'),
('Cuál es su política de devoluciones', '2023-11-01', 'Angel'),
('Cuáles son las opciones de envío', '2023-11-02', 'Raquel'),
('Qué producto sería el mejor para mí', '2023-11-04', 'Josefa'),
('Ofrecen descuentos al mayor', '2023-11-04', 'Fernando'),
('Cuál es su política de devoluciones', '2023-11-05', 'Rosa'),
('Cuáles son las opciones de envío', '2023-11-05', 'Miguel'),
('Cuál es su política de devoluciones', '2023-11-05', 'Miguel'),
('Ofrecen descuentos al mayor', '2023-11-07', 'Raquel'),
('Cuáles son las opciones de envío', '2023-11-07', 'Isabel'),
('Cómo puedo realizar un pago', '2023-11-09', 'Alicia'),
('Cómo puedo realizar un pago', '2023-11-09', 'Maria'),
('Cuál es su política de devoluciones', '2023-11-10', 'Pilar'),
('Cómo puedo realizar un pago', '2023-11-12', 'Maria'),
('Ofrecen descuentos al mayor', '2023-11-12', 'Fernando'),
('Cuáles son las opciones de envío', '2023-11-12', 'Andres'),
('Cuáles son las opciones de envío', '2023-11-15', 'Pilar'),
('Cuál es su política de devoluciones', '2023-11-16', 'Rosa'),
('Cuáles son las opciones de envío', '2023-11-16', 'Andres'),
('Cómo puedo realizar un pago', '2023-11-16', 'Fernando'),
('Cuál es su política de devoluciones', '2023-11-17', 'Raul'),
('Cómo puedo realizar un pago', '2023-11-21', 'Angeles'),
('Cuál es su política de devoluciones', '2023-11-21', 'Andres'),
('Cómo puedo realizar un pago', '2023-11-21', 'Laura'),
('Cuál es su política de devoluciones', '2023-11-21', 'Angel'),
('Cuáles son las opciones de envío', '2023-11-21', 'Rosa'),
('Cuál es su política de devoluciones', '2023-11-22', 'Raquel'),
('Cómo puedo realizar un pago', '2023-11-22', 'Isabel'),
('Cuáles son las opciones de envío', '2023-11-22', 'Raquel'),
('Cuál es su política de devoluciones', '2023-11-23', 'Raul'),
('Cuáles son las opciones de envío', '2023-11-23', 'Rosa'),
('Ofrecen descuentos al mayor', '2023-11-23', 'Josefa'),
('Cuáles son las opciones de envío', '2023-11-23', 'Lola'),
('Cuáles son las opciones de envío', '2023-11-24', 'Raquel'),
('Cuáles son las opciones de envío', '2023-11-24', 'Raul'),
('Cuáles son las opciones de envío', '2023-11-26', 'Raul'),
('Cuál es su política de devoluciones', '2023-11-26', 'Manuel'),
('Cuáles son las opciones de envío', '2023-11-26', 'Pilar'),
('Qué producto sería el mejor para mí', '2023-11-27', 'Javier'),
('Cuál es su política de devoluciones', '2023-11-29', 'Marta'),
('Qué producto sería el mejor para mí', '2023-11-29', 'Marta'),
('Cuál es su política de devoluciones', '2023-11-29', 'Josefa'),
('Qué producto sería el mejor para mí', '2023-12-01', 'Laura'),
('Cómo puedo realizar un pago', '2023-12-02', 'Juan'),
('Cómo puedo realizar un pago', '2023-12-07', 'Lola'),
('Ofrecen descuentos al mayor', '2023-12-09', 'Miguel'),
('Cuál es su política de devoluciones', '2023-12-11', 'Angeles'),
('Cómo puedo realizar un pago', '2023-12-11', 'Alberto'),
('Qué producto sería el mejor para mí', '2023-12-16', 'Fernando'),
('Cómo puedo realizar un pago', '2023-12-18', 'Raul'),
('Cómo puedo realizar un pago', '2023-12-20', 'Ivan'),
('Ofrecen descuentos al mayor', '2023-12-23', 'Raquel'),
('Qué producto sería el mejor para mí', '2023-12-26', 'Antonio'),
('Qué producto sería el mejor para mí', '2023-12-28', 'Marta'),
('Ofrecen descuentos al mayor', '2023-12-29', 'Mercedes'),
('Cómo puedo realizar un pago', '2023-12-31', 'Raul'),
('Qué producto sería el mejor para mí', '2024-01-12', 'Laura'),
('Qué producto sería el mejor para mí', '2024-01-13', 'Andres'),
('Qué producto sería el mejor para mí', '2024-01-13', 'Carmen'),
('Cuál es su política de devoluciones', '2024-01-14', 'Andrea'),
('Ofrecen descuentos al mayor', '2024-01-15', 'Carmen'),
('Cómo puedo realizar un pago', '2024-01-18', 'Andres'),
('Cómo puedo realizar un pago', '2024-01-19', 'Mercedes'),
('Qué producto sería el mejor para mí', '2024-01-24', 'Laura'),
('Qué producto sería el mejor para mí', '2024-01-24', 'Josefa');

Select * From preguntas;